1692;;2012-12-20 11:00:21.763
1663;CAD/CAM/CAE;2012-07-18 13:05:13.660
1478;Автоматизация измерений, контроля и испытаний;2012-05-14 15:05:12.530
1418;Автоматизация производственных процессов;2012-05-14 15:05:06.263
1420;Автоматизация производственных процессов в машиностроении;2012-05-14 15:05:06.263
1174;Автоматизация технологических процессов и производств;2012-04-12 12:56:50.823
1760;Автоматизация управления жизненным циклом продукции;2013-02-01 11:57:02.433
1720;Автоматизированные системы проектирования;2013-01-10 12:15:35.153
1182;Автоматизированные системы управления;2012-05-11 12:37:54.543
1414;Автоматизированные системы управления технологическими процессами;2012-05-14 15:05:06.250
1417;Автоматизированный электропривод;2012-05-14 15:05:06.250
1515;Автоматизированный электропривод станков и промышленных роботов;2012-05-14 15:05:16.560
1180;Автоматизированный электропривод технологического оборудования;2012-05-11 12:13:57.323
1772;Автоматика и автоматизация на транспорте;2013-02-14 12:57:29.133
1395;Автомобили. Конструкция;2012-05-14 15:05:05.700
1517;Автомобили. Расчёт;2012-05-14 15:05:16.920
1516;Автомобили. Теория;2012-05-14 15:05:16.903
1397;Автомобили. Транспортные средства;2012-05-14 15:05:05.717
1335;Автомобильные двигатели;2012-05-14 15:05:03.530
1349;Автосервис и фирменное обслуживание автомобилей;2012-05-14 15:05:04.000
1832;Администрирование операционных систем;2013-05-06 13:21:22.630
1465;Алгебра и геометрия;2012-05-14 15:05:11.390
1268;Анализ и диагностика финансово-хозяйственной деятельности предприятия;2012-05-14 15:05:00.500
1446;Анализ и синтез ХТС;2012-05-14 15:05:09.653
1571;Анализ состоятельности предприятия;2012-05-14 15:06:16.763
1281;Анализ управления затратами;2012-05-14 15:05:01.263
1269;Анализ управления финансами;2012-05-14 15:05:00.500
1859;Анализ хозяйственной деятельности;2013-12-13 09:34:25.077
1860;Анализ эффективности систем управления;2013-12-13 11:24:53.107
1727;Аналитическая химия и физико-химические методы анализа;2013-01-15 10:53:48.327
1298;Аналитическое программное обеспечение;2012-05-14 15:05:01.390
1275;Антикризисное управление;2012-05-14 15:05:00.937
1276;Антикризисный менеджмент;2012-05-14 15:05:00.937
1698;Аппаратное и программное обеспечение графических работ;2012-12-21 13:33:16.133
1684;Архитектура ЭВМ;2012-12-13 11:29:32.250
1273;Аудит;2012-05-14 15:05:00.843
1305;Базы данных;2012-05-14 15:05:02.123
1717;Базы и банки данных;2012-12-28 10:53:10.460
1245;Банковское дело;2012-05-14 15:04:59.700
1270;Безопасность движения;2012-05-14 15:05:00.623
1301;Безопасность жизнедеятельности;2012-05-14 15:05:01.920
1575;Бизнес-планирование;2012-05-14 15:06:44.640
1213;Бизнес-планирование на автомобильном транспорте;2012-05-14 15:00:03.060
1404;Биология и микробиология;2012-05-14 15:05:05.950
1403;Биотехнологические процессы в промышленности и экологии;2012-05-14 15:05:05.950
1402;Биохимия;2012-05-14 15:05:05.950
1234;Бухгалтерский учёт;2012-05-14 15:04:59.547
1235;Бухгалтерский учёт в промышленности;2012-05-14 15:04:59.547
1862;Бухгалтерский учёт и анализ;2013-12-17 10:03:56.560
1863;Бюджетирование;2013-12-17 10:12:52.293
1811;Бюджетная система РФ;2013-04-11 12:38:30.310
1574;Введение в инженерное дело;2012-05-14 15:06:43.730
1426;Введение в механику сплошных сред;2012-05-14 15:05:06.687
1857;Введение в наноматериалы и нанотехнологии;2013-11-21 12:24:02.280
1346;Введение в направление;2012-05-14 15:05:03.797
1826;Введение в параллельное программирование;2013-04-29 10:23:30.960
1676;Введение в программную инженерию;2012-12-06 15:26:10.213
1749;Введение в проектирование автоматизированных систем обработки информации и управления;2013-01-28 11:56:07.760
1427;Введение в специальность;2012-05-14 15:05:06.717
1929;Введение в термодинамику полимеров;2014-01-20 13:01:22.390
1773;Введение в ХТ полимеров;2013-02-20 12:19:45.440
1560;Взаимозаменяемость;2012-05-14 15:05:59.687
1750;Взаимозаменяемость и нормирование точности;2013-01-28 13:24:31.167
1251;Внешнеэкономическая деятельность;2012-05-14 15:04:59.810
1193;Выбор и проектирование заготовок;2012-05-14 15:00:02.763
1361;Выполнение выпускной работы;2012-05-14 15:05:04.390
1364;Выполнение выпускной работы бакалавра;2012-05-14 15:05:04.403
1360;Выполнение квалификационной работы;2012-05-14 15:05:04.390
1362;Выпускная работа;2012-05-14 15:05:04.390
1680;Вычислительная техника и сети в транспортной отрасли;2012-12-10 12:11:37.517
1464;Вычислительная математика;2012-05-14 15:05:11.343
1375;Вычислительная техника и сети;2012-05-14 15:05:04.967
1466;Вычислительные машины, системы и сети;2012-05-14 15:05:11.560
1467;Вычислительные системы. Сети и телекоммуникации;2012-05-14 15:05:11.560
1946;Газобаллонное оборудование;2014-04-23 12:09:54.147
1806;Газодинамика;2013-04-10 12:25:50.433
1538;Гидравлика;2012-05-14 15:05:24.670
1500;Гидравлика и гидропневмоавтоматика;2012-05-14 15:05:14.903
1783;Гидравлические и пневматические системы;2013-04-02 13:05:39.843
1627;Гидравлические и пневматические системы автомобилей и автомобильного транспорта;2012-05-14 15:09:19.480
1501;Гидравлические и пневматические системы автомобилей и гаражного оборудования;2012-05-14 15:05:14.920
1536;Гидромеханика;2012-05-14 15:05:24.107
1707;Гидромеханика и основы гидропривода;2012-12-24 14:48:31.413
1649;Гидропневмопривод и гидропневмоавтоматика;2012-06-13 11:10:19.887
1508;Государственное и муниципальное управление;2012-05-14 15:05:15.500
1626;Государственное регулирование и таможенное дело;2012-05-14 15:09:14.513
1864;Государственные и муниципальные финансы;2013-12-17 10:30:00.217
1836;Гранулярные вычисления;2013-05-08 09:12:22.327
1675;Графические программные среды;2012-12-06 14:42:46.793
1370;Двигатели внутреннего сгорания;2012-05-14 15:05:04.560
1726;Деловая этика;2013-01-15 10:35:29.920
1204;Деловой иностранный язык;2012-05-14 15:00:02.903
1711;Деловой иностранный язык (английский);2012-12-25 11:19:45.850
1713;Деловой иностранный язык (немецкий);2012-12-25 13:55:21.503
1255;Деловой русский язык;2012-05-14 15:05:00.077
1763;Деловые коммуникации;2013-02-05 11:41:18.887
1865;Деньги, кредит, банки;2013-12-17 10:31:38.450
1510;Детали машин;2012-05-14 15:05:16.123
1511;Детали машин и основы конструирования;2012-05-14 15:05:16.123
1550;Детали машин и ПТУ;2012-05-14 15:05:46.780
1591;Диагностика и надёжность автоматизированных систем;2012-05-14 15:06:49.827
1342;Диагностика и организация ремонта;2012-05-14 15:05:03.700
1341;Диагностика, ремонт и монтаж оборудования;2012-05-14 15:05:03.700
1866;Диверсификация компетенций в нестандартных ситуациях;2013-12-17 10:39:12.450
1867;Диверсификация социально-экономического развития;2013-12-17 10:39:50.200
1376;Дискретная математика;2012-05-14 15:05:04.983
1770;Дискретно-логические системы управления;2013-02-08 13:10:25.270
1248;Документирование управленческой деятельности;2012-05-14 15:04:59.733
1201;Дополнительные главы химии. Химия и технология полимерных покрытий;2012-05-14 15:00:02.857
1678;Естественно-научные основы современных технологий;2012-12-06 17:38:07.293
1791;Задачи математической физики;2013-04-06 12:51:19.910
1601;Защита интеллектуальной собственности;2012-05-14 15:06:51.123
1630;Защита интеллектуальной собственности и патентоведение;2012-05-14 15:10:37.857
1685;Защита информации;2012-12-13 12:52:14.200
1846;Защита окружающей среды в ЧС;2013-08-30 10:43:01.120
1534;Защита от коррозии;2012-05-14 15:05:23.217
1869;Инвестиции;2013-12-17 10:49:04.560
1253;Инвестиционный анализ;2012-05-14 15:04:59.843
1294;Инженерная графика;2012-05-14 15:05:01.373
1297;Инженерная графика в отрасли;2012-05-14 15:05:01.390
1284;Инженерная графика в отрасли (химия);2012-05-14 15:05:01.327
1285;Инженерная и компьютерная графика;2012-05-14 15:05:01.327
1323;Инженерная химия;2012-05-14 15:05:03.047
1606;Инновационная экономика;2012-05-14 15:06:51.717
1930;Инновационные технологии производства в нефтегазохимическом комплексе;2014-01-23 14:24:58.557
1462;Инновационный менеджмент;2012-05-14 15:05:10.797
1320;Иностранный язык;2012-05-14 15:05:02.700
1699;Иностранный язык (английский);2012-12-21 13:34:49.203
1589;Иностранный язык (второй);2012-05-14 15:06:49.687
1209;Иностранный язык (деловое общение);2012-05-14 15:00:02.980
1745;Иностранный язык (деловое общение) (английский);2013-01-24 10:06:59.590
1693;Иностранный язык (немецкий);2012-12-20 11:37:01.123
1703;Иностранный язык (второй) (немецкий);2012-12-22 12:59:46.070
1870;Институциональная экономика;2013-12-17 10:56:22.263
1541;Инструментальные средства программирования (периферийные устройства);2012-05-14 15:05:29.607
1309;Инструментальные средства программирования (цифровая обработка сигналов);2012-05-14 15:05:02.200
1871;Интегрированная логистическая поддержка продукции на этапах жизненного цикла;2013-12-17 11:01:42.437
1588;Интегрированные системы проектирования и управления;2012-05-14 15:06:49.247
1179;Интегрированные системы проектирования и управления автоматизированных и автоматических производств;2012-05-03 14:47:34.817
1662;Интеллектуальные системы;2012-07-13 10:33:38.667
1554;Интерфейсы АСОИУ;2012-05-14 15:05:54.013
1191;Информатика;2012-05-14 15:00:02.700
1424;Информационное обеспечение автотранспортных систем;2012-05-14 15:05:06.670
1425;Информационное обеспечение транспортных систем;2012-05-14 15:05:06.670
1771;Информационные системы в экономике;2013-02-11 14:24:19.863
1661;Информационные системы управления качеством в автоматизированных и автоматических производствах;2012-07-10 11:26:03.963
1311;Информационные технологии;2012-05-14 15:05:02.250
1639;Информационные технологии в менеджменте;2012-05-14 15:10:48.107
1845;Информационные технологии в процессах переработки полимеров;2013-08-23 14:53:03.687
1432;Информационные технологии в экономике;2012-05-14 15:05:07.013
1840;Исследование операций;2013-06-14 17:52:01.993
1872;Иституциональная экономика;2013-12-17 11:20:59.013
1614;История;2012-05-14 15:07:42.247
1634;История и методология науки в машиностроительных производствах;2012-05-14 15:10:46.950
1669;История и методология науки и производства;2012-07-24 11:09:48.373
1715;История и методология химической технологиии;2012-12-26 14:50:26.710
1873;История и методология экономической науки;2013-12-17 11:21:46.780
1458;История и современное состояние мировой автомобилизации;2012-05-14 15:05:10.500
1231;История мировой культуры;2012-05-14 15:04:59.450
1670;История развития техники;2012-09-20 18:51:39.210
1238;История экономики;2012-05-14 15:04:59.593
1605;История экономики и экономических учений;2012-05-14 15:06:51.687
1237;История экономических учений;2012-05-14 15:04:59.593
1592;История экономической науки ;2012-05-14 15:06:50.497
1593;Квалиметрия и управление качеством;2012-05-14 15:06:50.513
1843;Кинетика и термодинамика синтеза ВМС;2013-07-17 10:36:04.837
1581;Количественные методы анализа экономических процессов;2012-05-14 15:06:47.687
1733;Коллоидная химия;2013-01-18 12:05:44.773
1283;Компьютерная графика;2012-05-14 15:05:01.310
1722;Компьютерное моделирование;2013-01-10 14:30:16.700
1433;Компьютерные методы и информационные системы в технологии полимеров;2012-05-14 15:05:07.810
1762;Компьютерные методы и информационные системы в технологии синтеза и переработки полимеров;2013-02-04 14:42:25.420
1184;Компьютерные системы автоматизации и управления;2012-05-11 13:02:32.340
1705;Компьютерные технологии в науке и производстве;2012-12-24 13:17:04.037
1192;Компьютерные технологии в науке и образовании;2012-05-14 15:00:02.747
1761;Компьюторная графика;2013-02-04 14:06:54.670
1633;Конкурентная и антимонопольная политика;2012-05-14 15:10:45.357
1943;Конструирование и обслуживание силовых передач;2014-04-23 11:33:04.880
1490;Конструирование и расчёт элементов оборудования;2012-05-14 15:05:13.390
1824;Конструирование программного обеспечения;2013-04-26 11:28:40.583
1274;Контроллинг;2012-05-14 15:05:00.843
1734;Конфликтология;2013-01-18 13:48:41.557
1775;Концепции современного естествознания;2013-02-27 15:20:53.283
1329;Концепции современного естествознания (физика);2012-05-14 15:05:03.140
1330;Концепции современного естествознания (химия);2012-05-14 15:05:03.140
1875;Корпоративная социальная ответственность;2013-12-17 11:59:22.670
1876;Корпоративная стратегия;2013-12-17 12:05:14.670
1224;Корпоративное управление;2012-05-14 15:04:59.390
1877;Корпоративное управление и право;2013-12-17 12:09:01.403
1385;Корпоративные финансы;2012-05-14 15:05:05.123
1579;Культура речи;2012-05-14 15:06:46.840
1230;Культурология;2012-05-14 15:04:59.437
1196;Линейная алгебра;2012-05-14 15:00:02.793
1736;Линейная алгебра и аналитическая геометрия;2013-01-20 14:08:24.697
1530;Линейные и векторные пространства;2012-05-14 15:05:20.983
1738;Логика;2013-01-22 12:26:43.680
1718;Логика и теория алгоритмов;2012-12-28 11:57:00.117
1261;Логистика;2012-05-14 15:05:00.280
1719;Логическое исчисление и теория сложности вычислений;2012-12-28 12:20:28.397
1226;Макроэкономика;2012-05-14 15:04:59.403
1879;Макроэкономика (продвинутый курс);2013-12-18 13:01:36.013
1249;Маркетинг;2012-05-14 15:04:59.763
1233;Маркетинг и менеджмент на предприятии;2012-05-14 15:04:59.530
1421;Маркетинг и менеджмент программных систем;2012-05-14 15:05:06.483
1880;Маркетинг на мировых рынках товаров и услуг;2013-12-18 13:18:01.030
1232;Маркетинг, менеджмент и организация производства;2012-05-14 15:04:59.513
1186;Математика;2012-05-14 15:00:02.497
1729;Математика (спецглавы);2013-01-15 14:42:07.260
1377;Математическая логика и теория алгоритмов;2012-05-14 15:05:04.983
1623;Математические методы обработки экспериментальных данных;2012-05-14 15:08:53.497
1411;Математические методы оптимального управления;2012-05-14 15:05:06.060
1177;Математические основы автоматизации;2012-05-03 13:10:22.193
1777;Математические основы искусственного интеллекта;2013-03-12 11:20:02.433
1583;Математические основы современной теории управления;2012-05-14 15:06:48.140
1540;Математические основы теории управления;2012-05-14 15:05:29.543
1252;Математический анализ;2012-05-14 15:04:59.827
1175;Математическое моделирование;2012-05-03 12:17:21.613
1658;Математическое моделирование абразивной обработки;2012-07-05 12:24:33.197
1600;Математическое моделирование в машиностроении;2012-05-14 15:06:51.060
1493;Математическое моделирование процессов;2012-05-14 15:05:13.607
1487;Математическое моделирование стационарных систем;2012-05-14 15:05:13.297
1852;Математическое моделирование химико-технологических процессов;2013-11-18 13:08:35.447
1380;Материаловедение;2012-05-14 15:05:05.047
1379;Материаловедение. Технология конструкционных материалов;2012-05-14 15:05:05.030
1286;Машинная графика;2012-05-14 15:05:01.327
1691;Машинно-зависимые языки;2012-12-19 15:05:53.593
1319;Машинно-ориентированные языки;2012-05-14 15:05:02.547
1448;Машины и аппараты химических производств;2012-05-14 15:05:09.797
1363;Междисциплинарный курсовой проект;2012-05-14 15:05:04.390
1621;Международные валютно-кредитные отношения;2012-05-14 15:08:53.247
1881;Международные стандарты учёта;2013-12-18 13:24:04.890
1619;Международный менеджмент;2012-05-14 15:08:53.247
1620;Международный маркетинг;2012-05-14 15:08:53.247
1194;Менеджмент;2012-05-14 15:00:02.780
1552;Металлорежущие станки;2012-05-14 15:05:53.640
1577;Методология научного творчества;2012-05-14 15:06:45.310
1841;Методы анализа нечёткой информации;2013-06-15 12:07:32.213
1188;Методы и средства защиты компьютерной информации;2012-05-14 15:00:02.653
1660;Методы и средства измерений в экспериментальных исследованиях;2012-07-05 17:52:34.837
1831;Методы и средства измерений и контроля;2013-04-30 12:54:07.350
1556;Методы и средства измерений, испытания и контроля;2012-05-14 15:05:57.327
1611;Методы инженерного творчества;2012-05-14 15:06:59.060
1882;Методы исследования систем управления;2013-12-18 13:32:59.903
1883;Методы оптимальных решений;2013-12-18 13:41:17.060
1412;Методы оптимизации;2012-05-14 15:05:06.077
1656;Методы оптимизации (Оптимизация технологических процессов);2012-07-03 17:52:19.230
1667;Методы передачи и обработки научной информации;2012-07-23 12:29:18.700
1884;Методы принятия управленческих решений;2013-12-18 13:46:08.357
1885;Методы финансовых расчётов;2013-12-18 13:47:24.373
1849;Метрологическое обеспечение машиностроительного производства;2013-10-31 17:27:35.573
1264;Метрологическое обеспечение технологических процессов;2012-05-14 15:05:00.373
1659;Метрология;2012-07-05 12:42:04.213
1833;Метрология программного обеспечения;2013-05-06 14:25:46.550
1265;Метрология, стандартизация и сертификация;2012-05-14 15:05:00.373
1356;Механика;2012-05-14 15:05:04.123
1545;Механика многофазных систем;2012-05-14 15:05:44.797
1769;Микропроцессорная техника;2013-02-08 12:11:10.567
1366;Микропроцессорные системы и управленческие комплексы;2012-05-14 15:05:04.483
1183;Микропроцессорные системы управления;2012-05-11 12:49:32.247
1368;Микропроцессорные средства автоматизации;2012-05-14 15:05:04.500
1523;Микроэкономика;2012-05-14 15:05:18.093
1631;Микроэкономика (продвинутый курс);2012-05-14 15:10:45.060
1250;Мировая экономика;2012-05-14 15:04:59.810
1886;Мировая экономика и международные экономические отношения;2013-12-18 14:07:13.747
1823;Многопоточные вычисления для автоматизированных систем обработки информации и управления;2013-04-26 10:38:35.617
1748;Мобильные и встраиваемые операционные системы;2013-01-26 13:22:34.997
1512;Модели и методы анализа проектных решений;2012-05-14 15:05:16.140
1219;Модели и методы в экономике;2012-05-14 15:04:59.357
1316;Моделирование объектов и систем;2012-05-14 15:05:02.357
1451;Моделирование переработки полимеров;2012-05-14 15:05:09.903
1768;Моделирование программного обеспечения;2013-02-07 14:19:47.987
1492;Моделирование процессов управления;2012-05-14 15:05:13.607
1315;Моделирование систем;2012-05-14 15:05:02.357
1645;Моделирование систем и процессов;2012-05-29 12:20:19.950
1450;Моделирование технологических процессов синтеза ВМС;2012-05-14 15:05:09.903
1488;Моделирование химико-технологических процессов;2012-05-14 15:05:13.310
1855;Моделирование энерго- и ресурсосберегающих процессов в ХТ, НХ и БТ;2013-11-20 15:53:05.417
1757;Монтаж и наладка приборов автоматизации;2013-01-31 12:38:38.013
1856;Монтаж оборудования химической промышленности;2013-11-20 16:58:29.710
1819;Мультимедийные технологии;2013-04-23 15:35:06.127
1604;Надёжность и диагностика технологических систем;2012-05-14 15:06:51.653
1732;Надёжность и качество программных систем;2013-01-18 11:45:06.820
1504;Надёжность систем управления;2012-05-14 15:05:15.030
1505;Надёжность технических систем;2012-05-14 15:05:15.030
1503;Надёжность технических систем и оборудования;2012-05-14 15:05:15.013
1502;Надёжность, эргономика и качество АСОИУ;2012-05-14 15:05:15.013
1888;Налоги и налогообложение;2013-12-19 10:08:03.373
1267;Налогообложение;2012-05-14 15:05:00.420
1266;Налогообложение предприятий;2012-05-14 15:05:00.420
1616;Наногетерогенные эластомерные материалы;2012-05-14 15:07:59.280
1608;Нанотехнологии в машиностроении;2012-05-14 15:06:52.560
1456;Насосы и компрессоры;2012-05-14 15:05:10.123
1889;Научная организация труда;2013-12-19 10:11:30.950
1942;Научные исследования в области конструкторско-технологического обеспечения машиностроительных производств;2014-04-22 14:19:46.723
1641;Научный семинар по проблемам автоматизированного управления;2012-05-15 11:18:44.780
1293;Начертательная геометрия;2012-05-14 15:05:01.373
1681;Начертательная геометрия и инженерная графика;2012-12-11 15:57:37.970
1322;Нормативы по защите окружающей среды;2012-05-14 15:05:02.920
1890;Нормирование труда и организация заработной платы;2013-12-19 10:16:26.140
1549;Оборудование и проектирование химических производств;2012-05-14 15:05:45.140
1779;Оборудование машиностроительных производств;2013-03-19 15:10:06.297
1562;Оборудование химических производств;2012-05-14 15:06:05.560
1709;Оборудование химических процессов;2012-12-24 15:01:43.710
1345;Общая и неорганическая химия;2012-05-14 15:05:03.797
1187;Общая теория измерений;2012-05-14 15:00:02.607
1891;Общая теория рисков;2013-12-19 10:19:54.043
1429;Общая технология полимерных материалов;2012-05-14 15:05:07.000
1383;Общая химическая технология;2012-05-14 15:05:05.077
1422;Общая химическая технология и основы биотехнологии;2012-05-14 15:05:06.577
1436;Общая химическая технология полимеров;2012-05-14 15:05:07.873
1423;Общая химическая технология. Инженерная химия;2012-05-14 15:05:06.593
1453;Общая электротехника;2012-05-14 15:05:10.093
1452;Общая электротехника и электроника;2012-05-14 15:05:10.093
1776;Объектно-ориентированный анализ и программирование;2013-02-27 19:55:43.907
1189;Операционные системы;2012-05-14 15:00:02.670
1751;Оптимальные и адаптивные системы;2013-01-28 13:44:50.260
1494;Оптимизация технологических процессов;2012-05-14 15:05:13.607
1567;Организационно-производственные структуры технической эксплуатации;2012-05-14 15:06:14.480
1893;Организационно-экономическое проектирование инновационных процессов;2013-12-19 10:23:10.217
1786;Организация автомобильных перевозок и безопасность движения;2013-04-03 11:46:17.333
1394;Организация автомобильных перевозок;2012-05-14 15:05:05.640
1624;Организация автомобильных перевозок и безопасность транспортного процесса;2012-05-14 15:09:05.090
1947;Организация и планирование автоматизированных производств;2014-05-22 10:33:22.360
1277;Организация и планирование производства;2012-05-14 15:05:00.967
1784;Организация и технология испытаний;2013-04-02 14:55:22.087
1785;Организация и технология отрасли;2013-04-02 17:01:43.317
1222;Организация предпринимательской деятельности;2012-05-14 15:04:59.373
1484;Организация производства;2012-05-14 15:05:12.920
1463;Организация производства и менеджмент;2012-05-14 15:05:10.873
1391;Организация производства на предприятии отрасли;2012-05-14 15:05:05.357
1393;Организация производства на химическом предприятии;2012-05-14 15:05:05.357
1392;Организация производства, маркетинг и менеджмент на предприятии;2012-05-14 15:05:05.357
1525;Организация ЭВМ и систем;2012-05-14 15:05:19.403
1215;Организация, нормирование и оплата труда;2012-05-14 15:04:59.310
1400;Органическая химия;2012-05-14 15:05:05.780
1304;Основы аудита;2012-05-14 15:05:02.107
1271;Основы безопасности управления автомобилем;2012-05-14 15:05:00.670
1896;Основы бизнес-планирования;2013-12-19 10:44:17.407
1937;Основы биржевой торговли;2014-03-28 12:16:04.663
1537;Основы гидравлики и гидропривода;2012-05-14 15:05:24.653
1292;Основы графической информации;2012-05-14 15:05:01.357
1747;Основы концептуального проектирования систем;2013-01-26 10:09:58.353
1695;Основы логистики;2012-12-20 15:34:45.513
1195;Основы менеджмента;2012-05-14 15:00:02.780
1566;Основы менеджмента инженерно-технической службы;2012-05-14 15:06:13.607
1381;Основы научных исследований;2012-05-14 15:05:05.047
1617;Основы педагогики и психологии;2012-05-14 15:08:29.230
1677;Основы программирования;2012-12-06 16:47:59.403
1822;Основы проектирования web-приложений;2013-04-24 13:01:53.883
1612;Основы проектирования и оборудование производств по переработке полимеров;2012-05-14 15:07:20.140
1439;Основы проектирования и оборудование производства полимеров;2012-05-14 15:05:07.903
1449;Основы проектирования и оборудования предприятий по переработке полимеров;2012-05-14 15:05:09.797
1340;Основы проектирования и эксплуатации технологического оборудования;2012-05-14 15:05:03.640
1725;Основы проектирования продукции;2013-01-14 14:46:37.840
1794;Основы проектирования установок предприятий отрасли;2013-04-08 14:01:48.770
1788;Основы путей сообщения (дороги);2013-04-03 13:56:39.287
1561;Основы САПР;2012-05-14 15:06:00.890
1287;Основы САПР и программные статистические комплексы;2012-05-14 15:05:01.327
1339;Основы сварочного производства;2012-05-14 15:05:03.640
1848;Основы систем управления ресурсами предприятия;2013-10-31 12:46:19.127
1690;Основы системного программного обеспечения;2012-12-18 16:08:18.983
1778;Основы теории катализа;2013-03-12 12:04:01.510
1506;Основы теории надёжности и диагностика;2012-05-14 15:05:15.030
1898;Основы теории отраслевых рынков;2013-12-19 10:58:31.763
1410;Основы теории управления;2012-05-14 15:05:06.060
1178;Основы теории цифровых систем управления;2012-05-03 13:19:17.143
1674;Основы теплотехнических измерений;2012-11-26 12:21:16.033
1438;Основы термодинамики и кинетики синтеза ВМС;2012-05-14 15:05:07.903
1802;Основы технической эксплуатации, обслуживания и ремонта;2013-04-09 13:48:26.277
1815;Основы технического регулирования;2013-04-16 12:39:01.183
1396;Основы технической эксплуатации автомобилей;2012-05-14 15:05:05.717
1935;Основы технической эксплуатации. Обслуживание и ремонт;2014-03-18 18:14:23.330
1327;Основы технологии машиностроения;2012-05-14 15:05:03.093
1939;Основы технологии производства и ремонта;2014-04-04 14:48:06.910
1336;Основы технологии производства и ремонта автомобилей;2012-05-14 15:05:03.547
1348;Основы технологической эксплуатации автомобилей;2012-05-14 15:05:04.000
1457;Основы трансляции;2012-05-14 15:05:10.390
1799;Основы трудового права;2013-04-08 16:18:14.943
1742;Основы управления разработкой программных систем;2013-01-22 15:25:20.663
1518;Основы хозяйственного права;2012-05-14 15:05:17.250
1899;Основы экономики и управления производством;2013-12-19 11:01:32.873
1229;Основы электронной коммерции;2012-05-14 15:04:59.437
1216;Отечественная история;2012-05-14 15:04:59.327
1664;Оформление и представление магистерских диссертаций;2012-07-19 09:41:32.520
1197;Оценка бизнеса;2012-05-14 15:00:02.827
1716;Пакеты прикладных инженерных программ;2012-12-27 18:28:40.943
1521;Патентоведение;2012-05-14 15:05:18.047
1607;Педагогика и психология высшей школы;2012-05-14 15:06:52.247
1542;Периферийные устройства;2012-05-14 15:05:29.607
1599;Планирование и организация эксперимента (КР);2012-05-14 15:06:51.030
1262;Планирование на предприятии;2012-05-14 15:05:00.327
1176;Планирование эксперимента;2012-05-03 12:38:38.753
1442;Поверхностные явления и дисперсные системы;2012-05-14 15:05:08.547
1820;Подъёмно-транспортное оборудование;2013-04-23 16:28:53.470
1210;Политология;2012-05-14 15:00:03.013
1753;Право;2013-01-29 16:29:26.587
1256;Правоведение;2012-05-14 15:05:00.123
1858;Правовое обеспечение отрасли;2013-12-02 15:41:00.003
1258;Правовые основы;2012-05-14 15:05:00.123
1559;Прикладная математическая статистика;2012-05-14 15:05:59.390
1355;Прикладная механика;2012-05-14 15:05:04.123
1723;Прикладная механика (детали машин);2013-01-10 15:44:08.280
1710;Прикладная механика (сопромат);2012-12-24 15:52:33.193
1471;Прикладная теория упругости;2012-05-14 15:05:11.903
1851;Прикладная теория упругости и пластичности;2013-11-18 10:45:29.243
1528;Прикладные научные исследования;2012-05-14 15:05:20.263
1737;Применение математической физики;2013-01-21 14:21:34.523
1475;Применение ЭВМ в химической технологии;2012-05-14 15:05:12.530
1704;Программирование;2012-12-22 18:46:35.240
1308;Программирование и основы алгоритмизации;2012-05-14 15:05:02.140
1306;Программирование на языке высокого уровня. Алгоритмические языки;2012-05-14 15:05:02.140
1647;Программное обеспечение систем управления;2012-06-07 10:45:46.510
1468;Программное управление системами автоматизации;2012-05-14 15:05:11.827
1671;Программные средства обработки экспериментальных данных;2012-09-21 15:47:03.803
1495;Программные статистические комплексы;2012-05-14 15:05:13.653
1527;Проектирование автоматизированных систем;2012-05-14 15:05:19.810
1332;Проектирование авторемонтных предприятий;2012-05-14 15:05:03.513
1318;Проектирование АСОИУ;2012-05-14 15:05:02.530
1702;Проектирование единого информационного пространства виртуальных предприятий;2012-12-22 12:21:07.037
1652;Проектирование и исследование специальных методов обработки;2012-06-19 13:23:27.780
1934;Проектирование и разработка программного обеспечения;2014-03-18 10:41:47.627
1544;Проектирование машиностроительных производств;2012-05-14 15:05:35.170
1333;Проектирование предприятий автомобильного транспорта;2012-05-14 15:05:03.513
1801;Проектирование предприятий химических  производств;2013-04-09 13:15:04.100
1526;Проектирование производств и предприятий химической промышленности;2012-05-14 15:05:19.687
1181;Проектирование систем автоматизации;2012-05-11 12:21:49.310
1818;Проектирование человеко-машинного интерфейса;2013-04-23 14:00:39.403
1531;Проектирование эксплуатационных предприятий;2012-05-14 15:05:21.013
1900;Производственная логистика;2013-12-19 11:31:49.263
1602;Производственная практика;2012-05-14 15:06:51.590
1901;Производственная стратегия предприятия;2013-12-19 11:40:40.920
1878;Производственно-техническая база автотранспортных предприятий;2013-12-17 14:19:52.327
1272;Производственный менеджмент;2012-05-14 15:05:00.717
1302;Промышленная экология;2012-05-14 15:05:01.920
1499;Промышленные контроллеры;2012-05-14 15:05:14.373
1644;Промышленные контроллеры и языки программирования МЭК;2012-05-22 14:55:23.900
1259;Профессиональная этика;2012-05-14 15:05:00.200
1807;Процессы и аппараты защиты окружающей среды;2013-04-10 13:08:09.167
1483;Процессы и аппараты химических и пищевых производств;2012-05-14 15:05:12.797
1382;Процессы и аппараты химической технологии;2012-05-14 15:05:05.060
1673;Процессы и операции формообразования;2012-11-12 16:26:57.393
1795;Процессы массопереноса в системах с участием твёрдой фазы;2013-04-08 14:52:11.490
1712;Психология;2012-12-25 11:49:54.083
1228;Психология и педагогика;2012-05-14 15:04:59.420
1227;Психология профессиональной деятельности;2012-05-14 15:04:59.403
1334;Пусковые качества ДВС. Топливные системы современных и перспективных ДВС;2012-05-14 15:05:03.530
1739;Развитие и современное состояние автомобильного транспорта;2013-01-22 14:21:34.460
1629;Развитие и современное состояние мировой автомобилизации;2012-05-14 15:09:33.217
1223;Разработка управленческих решений;2012-05-14 15:04:59.373
1830;Разработка эргономичных программных систем;2013-04-29 15:38:46.540
1650;Распределённые компьютерные информационно-управляющие системы;2012-06-13 11:37:50.997
1480;Расчёт и конструирование изделий и форм;2012-05-14 15:05:12.733
1547;Расчёт и конструирование оборудования;2012-05-14 15:05:45.047
1657;Расчёт, моделирование и конструирование оборудования с компьтерным управлением;2012-07-03 18:41:40.377
1509;Региональная экономика;2012-05-14 15:05:15.500
1535;Режущий инструмент;2012-05-14 15:05:23.263
1384;Резание материалов;2012-05-14 15:05:05.077
1780;Резины со специальными свойствами;2013-03-28 11:38:43.563
1853;Реология материалов;2013-11-19 13:39:20.557
1902;Реструктуризация предприятий;2013-12-19 13:27:34.717
1447;Ресурсосберегающие технологии в промышленности;2012-05-14 15:05:09.750
1338;Ресурсосбережение при проведении ТО и ремонта;2012-05-14 15:05:03.560
1741;Рецептуростроение полимерных композиций;2013-01-22 15:16:42.520
1254;Русский язык и культура речи;2012-05-14 15:05:00.060
1903;Рынок ценных бумаг;2013-12-19 13:39:02.390
1288;САПР технологических процессов;2012-05-14 15:05:01.327
1290;САПР технологической оснастки;2012-05-14 15:05:01.357
1940;Сертификация и лицензирование на транспорте;2014-04-07 12:08:34.770
1314;Сетевые технологии;2012-05-14 15:05:02.310
1728;Сети и телекоммуникации;2013-01-15 11:11:37.950
1313;Сети ЭВМ и телекоммуникации;2012-05-14 15:05:02.310
1190;Системное программное обеспечение;2012-05-14 15:00:02.687
1459;Системный анализ;2012-05-14 15:05:10.547
1461;Системный анализ процессов;2012-05-14 15:05:10.560
1460;Системный анализ процессов химической технологии;2012-05-14 15:05:10.547
1854;Системный анализ химико-технологических процессов;2013-11-19 14:37:01.587
1289;Системы CAD;2012-05-14 15:05:01.343
1941;Системы CAD/CAM/CAE;2014-04-21 13:23:15.093
1291;Системы автоматизированного проектирования;2012-05-14 15:05:01.357
1643;Системы визуального моделирования;2012-05-17 11:59:11.250
1378;Системы искусственного интеллекта;2012-05-14 15:05:05.000
1594;Системы качества;2012-05-14 15:06:50.513
1708;Системы компьютерной математики;2012-12-24 15:01:27.663
1405;Системы реального времени;2012-05-14 15:05:06.030
1765;Системы управления знаниями;2013-02-05 12:48:43.030
1513;Системы управления химико-технологическими процессами;2012-05-14 15:05:16.153
1486;Ситуационный анализ;2012-05-14 15:05:12.967
1507;Современные и перспективные электронные системы автомобилей;2012-05-14 15:05:15.107
1829;Современные интернет-технологии;2013-04-29 15:03:47.193
1904;Современные методы экономического анализа;2013-12-19 13:41:18.147
1668;Современные проблемы инструментального обеспечения МП;2012-07-23 14:08:47.437
1654;Современные проблемы науки в машиностроении;2012-07-03 12:04:28.983
1598;Современные проблемы химической технологии;2012-05-14 15:06:50.793
1625;Современные проблемы экономической науки;2012-05-14 15:09:09.480
1905;Современные технологии управления;2013-12-19 13:42:21.743
1470;Сопротивление материалов;2012-05-14 15:05:11.903
1214;Социология;2012-05-14 15:04:59.263
1603;Спецглавы математики;2012-05-14 15:06:51.607
1755;Спецглавы общей и неорганической химии;2013-01-30 10:59:28.560
1746;Спецглавы физики;2013-01-24 11:58:24.900
1825;Специализиров подвижной состав;2013-04-26 14:25:38.507
1635;Специальная технология;2012-05-14 15:10:47.547
1837;Специальные процессы в ХТ, НХ и БТ;2013-05-16 17:14:11.693
1548;Специальные процессы химической технологии;2012-05-14 15:05:45.047
1576;Специальные технологии;2012-05-14 15:06:45.187
1932;Спецификация, архитектура и проектирование программных систем;2014-02-20 11:50:22.263
1307;Спецкурс по языкам программирования;2012-05-14 15:05:02.140
1257;Справочно-правовые системы;2012-05-14 15:05:00.123
1767;Средства автоматизации и управления;2013-02-07 11:21:14.113
1782;Стабилизация эластомерных материалов;2013-04-02 11:58:39.890
1665;Стандартизация при подготовке и оформлении научных документов;2012-07-20 08:51:34.957
1419;Станки с ЧПУ и автоматические линии;2012-05-14 15:05:06.263
1239;Статистика;2012-05-14 15:04:59.607
1651;Статистическая обработка экспериментальных данных;2012-06-15 10:48:04.043
1584;Статистические методы контроля и управления качеством;2012-05-14 15:06:48.373
1666;Статистические методы контроля качества;2012-07-20 15:51:24.410
1907;Стратегический маркетинг;2013-12-20 10:20:42.463
1208;Стратегический менеджмент;2012-05-14 15:00:02.967
1908;Страхование;2013-12-20 10:47:42.980
1236;Страховое дело;2012-05-14 15:04:59.577
1440;Структура и свойства полимерных композиций;2012-05-14 15:05:07.920
1354;Теоретическая механика;2012-05-14 15:05:04.107
1787;Теоретические и экспериментальные методы исследования в химии;2013-04-03 11:54:09.020
1472;Теоретические основы автоматизированного управления;2012-05-14 15:05:12.513
1430;Теоретические основы переработки полимеров;2012-05-14 15:05:07.000
1944;Теоретические основы переработки термо- и реактопластов;2014-04-23 11:37:38.977
1844;Теоретические основы переработки эластомеров;2013-07-17 12:57:58.053
1520;Теоретические основы ресурсосбережения;2012-05-14 15:05:17.297
1325;Теоретические основы технологических процессов;2012-05-14 15:05:03.060
1454;Теоретические основы электротехники;2012-05-14 15:05:10.093
1519;Теоретические основы энерго- и ресурсосбережения в химической технологии;2012-05-14 15:05:17.280
1618;Теория автоматизированного управления;2012-05-14 15:08:46.140
1473;Теория автоматического управления;2012-05-14 15:05:12.513
1372;Теория вероятностей и массового обслуживания. Статистика;2012-05-14 15:05:04.903
1743;Теория вероятностей и математическая статистика;2013-01-23 15:21:09.323
1371;Теория вероятностей, математическая статистика и случайные процессы;2012-05-14 15:05:04.903
1479;Теория и методика преподавания технических дисциплин;2012-05-14 15:05:12.640
1580;Теория кризисного управления;2012-05-14 15:06:47.467
1909;Теория менеджмента;2013-12-20 10:55:01.417
1357;Теория механизмов и машин;2012-05-14 15:05:04.123
1221;Теория организации и организационное поведение;2012-05-14 15:04:59.373
1632;Теория отраслевых рынков;2012-05-14 15:10:45.170
1910;Теория отраслевых рынков (продвинутый курс);2013-12-20 10:56:36.307
1539;Теория планирования эксперимента;2012-05-14 15:05:25.467
1491;Теория принятия решений;2012-05-14 15:05:13.547
1469;Теория систем;2012-05-14 15:05:11.857
1353;Тепловые процессы;2012-05-14 15:05:04.077
1351;Теплотехника;2012-05-14 15:05:04.077
1352;Теплотехника и теплотехническое оборудование транспортных средств и автопредприятий;2012-05-14 15:05:04.077
1812;Теплотехника и транспортная энергетика;2013-04-11 14:45:33.540
1532;Термодинамика;2012-05-14 15:05:22.420
1827;Тестирование и отладка программного обеспечения;2013-04-29 11:32:33.130
1798;Техника транспорта и транспортные средства. Расчёт автомобилей;2013-04-08 15:47:13.850
1744;Техника транспорта и транспортные средства;2013-01-23 15:27:48.447
1816;Техника транспорта и транспортные средства. Теория автомобиля;2013-04-17 10:08:05.000
1640;Техника эксперимента;2012-05-15 10:45:39.967
1350;Техническая термодинамика и теплотехника;2012-05-14 15:05:04.060
1573;Техническая физика и механика полимеров;2012-05-14 15:06:34.997
1578;Техническая эксплуатация автомобилей;2012-05-14 15:06:46.480
1399;Техническая эксплуатация автомобилей, оборудованных компьютерами и со встроенной диагностикой;2012-05-14 15:05:05.733
1347;Техническая эксплуатация автомобилей, работающих на альтернативных видах топлива;2012-05-14 15:05:03.920
1933;Техническая эксплуатация автомобилей. Текущий ремонт;2014-03-11 11:37:16.590
1409;Технические измерения и приборы;2012-05-14 15:05:06.047
1416;Технические средства автоматизации;2012-05-14 15:05:06.250
1648;Технические средства автоматизации и управления;2012-06-07 11:32:05.963
1185;Технические средства информационных систем;2012-05-11 13:22:54.433
1279;Технический анализ и контроль производства;2012-05-14 15:05:00.983
1312;Технологии программирования;2012-05-14 15:05:02.250
1587;Технологическая оснастка;2012-05-14 15:06:49.153
1406;Технологические измерения и производства;2012-05-14 15:05:06.030
1789;Технологические методы обеспечения качества;2013-04-04 17:09:17.677
1796;Технологические процессы автоматизированных проиводств;2013-04-08 15:04:46.960
1326;Технологические процессы в машиностроении;2012-05-14 15:05:03.093
1482;Технологические процессы и оборудование в промышленности;2012-05-14 15:05:12.780
1474;Технологические процессы и производства;2012-05-14 15:05:12.513
1441;Технологические процессы переработки пластмасс и эластомеров;2012-05-14 15:05:07.937
1646;Технологические процессы специализированных производств;2012-06-01 12:53:25.210
1337;Технологические процессы ТО, ремонта и диагностики автомобилей;2012-05-14 15:05:03.547
1546;Технологические процессы химической промышленности;2012-05-14 15:05:45.047
1655;Технологическое обеспечение качества;2012-07-03 15:44:42.230
1524;Технологическое оборудование химической промышленности ;2012-05-14 15:05:18.640
1835;Технология восстановления деталей;2013-05-07 12:17:57.550
1945;Технология восстановления деталей машин;2014-04-23 11:41:33.083
1570;Технология изготовления изделий на основе эластомеров;2012-05-14 15:06:15.450
1572;Технология изготовления режущего инструмента;2012-05-14 15:06:21.403
1828;Технология командной разработки программных систем;2013-04-29 11:55:12.117
1212;Технология конструкционных материалов;2012-05-14 15:00:03.043
1211;Технология машиностроения;2012-05-14 15:00:03.030
1428;Технология мономеров для ВМС;2012-05-14 15:05:06.983
1553;Технология обработки на станках с ЧПУ;2012-05-14 15:05:53.640
1628;Технология обработки неметаллических композиционных материалов;2012-05-14 15:09:26.543
1563;Технология очистки и рекуперации промышленных выбросов;2012-05-14 15:06:06.687
1565;Технология очистки и рекуперации промышленных отходов;2012-05-14 15:06:13.340
1444;Технология переработки отходов в резиновой промышленности;2012-05-14 15:05:09.030
1202;Технология переработки полимеров;2012-05-14 15:00:02.873
1596;Технология разработки стандартов и нормативной документации;2012-05-14 15:06:50.607
1437;Технология химических волокон;2012-05-14 15:05:07.873
1324;Технология химических производств;2012-05-14 15:05:03.047
1847;Технология шлифования;2013-10-22 13:05:58.753
1481;Технология шлифования материалов;2012-05-14 15:05:12.750
1735;Типы и структуры данных;2013-01-19 13:43:55.807
1911;Товарные рынки;2013-12-20 10:57:12.743
1697;Транспортное право;2012-12-21 12:34:19.677
1398;Транспортно-эксплуатационные качества автомобильных дорог и городских улиц;2012-05-14 15:05:05.717
1496;ТСА. Первичные преобразователи;2012-05-14 15:05:14.357
1498;ТСА. Промышленные контролеры;2012-05-14 15:05:14.373
1497;ТСА. Специальные исполнительные механизмы;2012-05-14 15:05:14.373
1766;Управление в автоматизированном производстве;2013-02-06 13:04:11.863
1529;Управление затратами;2012-05-14 15:05:20.607
1638;Управление инновационными проектами;2012-05-14 15:10:47.950
1936;Управление инновациями;2014-03-22 11:57:30.857
1913;Управление капиталом предприятия;2013-12-20 11:02:39.540
1278;Управление качеством;2012-05-14 15:05:00.983
1938;Управление качеством на предприятии нефтегазохимического комплекса;2014-03-31 10:49:56.320
1280;Управление качеством технологических процессов в промышленности;2012-05-14 15:05:00.983
1246;Управление персоналом;2012-05-14 15:04:59.717
1597;Управление производством;2012-05-14 15:06:50.670
1476;Управление системами и процессами;2012-05-14 15:05:12.530
1914;Управление снабжением и сбытом;2013-12-20 11:19:39.917
1915;Управление стоимостью бизнеса;2013-12-20 11:26:26.183
1477;Управление техническими системами;2012-05-14 15:05:12.530
1247;Управление трудовыми ресурсами предприятий автомобильного транспорта;2012-05-14 15:04:59.717
1218;Управление финансами;2012-05-14 15:04:59.343
1582;Управление человеческими ресурсами;2012-05-14 15:06:47.810
1839;Устройство и обслуживание автоматических климатических установок;2013-06-04 14:56:14.497
1850;Учёт и анализ;2013-11-11 13:45:32.960
1331;Физика;2012-05-14 15:05:03.170
1814;Физика полимеров;2013-04-16 11:52:23.073
1689;Физико-химические методы анализа;2012-12-17 15:06:23.780
1431;Физико-химические основы переработки ВМС;2012-05-14 15:05:07.000
1842;Физико-химия растворов полимеров;2013-07-16 13:05:24.753
1203;Физическая культура;2012-05-14 15:00:02.890
1359;Физическая органическая химия;2012-05-14 15:05:04.187
1358;Физическая химия;2012-05-14 15:05:04.170
1408;Физические основы измерений;2012-05-14 15:05:06.030
1701;Физические основы измерений и эталоны;2012-12-21 17:40:23.083
1299;Философия;2012-05-14 15:05:01.780
1586;Философские вопросы естествознания и технических наук;2012-05-14 15:06:48.700
1636;Философские проблемы науки и техники;2012-05-14 15:10:47.827
1916;Финансовое планирование и бюджетирование;2013-12-20 12:00:55.183
1917;Финансовый анализ;2013-12-20 12:18:25.713
1207;Финансовый менеджмент;2012-05-14 15:00:02.967
1918;Финансы;2013-12-20 12:36:07.027
1217;Финансы и кредит;2012-05-14 15:04:59.343
1919;Финансы предприятий;2013-12-20 12:42:19.463
1514;Химико-технологические системы;2012-05-14 15:05:16.153
1615;Химическая модификация полимерных материалов;2012-05-14 15:07:59.247
1401;Химическая технология органических веществ;2012-05-14 15:05:05.780
1800;Химические реакторы;2013-04-08 19:05:24.397
1533;Химическое сопротивление материалов и защита от коррозии;2012-05-14 15:05:23.200
1344;Химия;2012-05-14 15:05:03.780
1928;Химия биополимеров;2013-12-25 17:27:46.400
1764;Химия и технология полимерных покрытий;2013-02-05 11:56:57.120
1810;Химия и технология полимеров;2013-04-10 16:43:17.120
1434;Химия и физика полимеров;2012-05-14 15:05:07.857
1435;Химия и физика полимеров со спец. свойствами;2012-05-14 15:05:07.857
1752;Химия нефти;2013-01-28 15:17:38.323
1445;Химия окружающей среды;2012-05-14 15:05:09.060
1443;Химия пищи;2012-05-14 15:05:08.950
1813;Химия полимеров;2013-04-15 14:14:18.150
1781;Химия циклических и гетероциклических соединений;2013-04-01 13:54:53.343
1740;Хозяйственное право;2013-01-22 14:27:07.973
1682;Хранение и защита компьютерной информации;2012-12-11 16:37:38.890
1310;Цифровая обработка сигнала;2012-05-14 15:05:02.217
1653;Цифровые системы автоматизации и управления;2012-06-20 12:10:45.747
1920;Частно-государственное партнёрство и социальная ответственность бизнеса;2013-12-20 12:59:10.603
1931;Экологические основы качества;2014-02-13 13:52:24.477
1321;Экологические проблемы автомобильного транспорта;2012-05-14 15:05:02.903
1555;Экологические системы качества;2012-05-14 15:05:54.480
1921;Экологический менеджмент и аудит;2013-12-20 12:59:52.590
1300;Экология;2012-05-14 15:05:01.920
1557;Эконометрика;2012-05-14 15:05:58.327
1558;Эконометрика (продвинутый курс);2012-05-14 15:05:58.327
1260;Экономика;2012-05-14 15:05:00.217
1205;Экономика автотранспортного предприятия;2012-05-14 15:00:02.920
1240;Экономика и управление производством;2012-05-14 15:04:59.623
1595;Экономика качества, стандартизации и сертификации;2012-05-14 15:06:50.530
1243;Экономика машиностроительного производства;2012-05-14 15:04:59.640
1198;Экономика недвижимости;2012-05-14 15:00:02.827
1244;Экономика организации (предприятия);2012-05-14 15:04:59.640
1485;Экономика отраслевых рынков;2012-05-14 15:05:12.937
1922;Экономика отраслей народного хозяйства;2013-12-20 13:36:15.010
1206;Экономика отрасли;2012-05-14 15:00:02.937
1241;Экономика предприятия;2012-05-14 15:04:59.623
1948;Экономика программного обеспечения;2014-05-23 15:01:42.300
1551;Экономика производства;2012-05-14 15:05:53.123
1924;Экономика стандартизации, сертификации и качества;2013-12-20 13:53:22.807
1925;Экономика стандартизации, сертификации, управления качеством;2013-12-20 13:54:01.353
1637;Экономика труда;2012-05-14 15:10:47.950
1242;Экономика химического предприятия;2012-05-14 15:04:59.623
1522;Экономика химической отрасли;2012-05-14 15:05:18.093
1730;Экономико-математические методы;2013-01-17 12:30:40.010
1220;Экономико-математические методы и модели;2012-05-14 15:04:59.357
1199;Экономическая оценка инвестиций;2012-05-14 15:00:02.840
1792;Экономическая социология;2013-04-06 13:19:10.177
1225;Экономическая теория;2012-05-14 15:04:59.390
1386;Экономическая теория (макроэкономика);2012-05-14 15:05:05.153
1926;Экономические обоснования научных решений;2013-12-20 14:04:44.073
1927;Экономический анализ;2013-12-20 14:05:22.057
1622;Экономический анализ и управление производством;2012-05-14 15:08:53.467
1564;Экономическое развитие;2012-05-14 15:06:10.437
1590;Экспертные системы;2012-05-14 15:06:49.717
1413;Эксплуатационные материалы ;2012-05-14 15:05:06.170
1407;Эксплуатация КИП и оборудование систем управления;2012-05-14 15:05:06.030
1415;Электромеханические системы;2012-05-14 15:05:06.250
1367;Электроника;2012-05-14 15:05:04.500
1369;Электроника и электромеханические системы;2012-05-14 15:05:04.500
1568;Электроника и электрооборудование транспортных и транспортно-технологических машин;2012-05-14 15:06:14.530
1721;Электротехника;2013-01-10 12:36:04.543
1687;Электротехника и промышленная электроника;2012-12-14 11:54:51.947
1365;Электротехника и электроника;2012-05-14 15:05:04.483
1613;Электрохимические и электрофизические методы обработки;2012-05-14 15:07:24.857
1803;Явления переноса импульса и энергии в ХТ;2013-04-09 15:33:27.043
